"","wage","edu","age","exp"
"1",12.5777550420951,5.10511065731239,20.9640927411251,5.64876076918793
"2",12.2850844219291,5.61627357833608,20.9664173534932,4.1175966184849
"3",13.4258844214172,5.03152891778572,21.0819621516318,5.98737539827467
"4",13.8189826922684,5.56223328490847,21.9479669673687,5.26126711264325
"5",13.5629629722648,5.72002838180147,23.3148830142355,6.15479786883105
"6",14.8651168832262,5.47479157352343,22.9922854094543,6.56791068888404
"7",12.6720217413667,5.0836969362357,22.2462921820376,6.99520137333052
"8",11.2724020329107,2.69106650882423,21.0076148548296,12.9344153283569
"9",14.1459170423937,6.25507925474875,21.9196837239133,3.15444595966703
"10",13.778710160059,5.32067383003323,22.2661803594692,6.30415886936951
"11",13.0508929105895,4.69224209941265,21.6442384602208,7.56751216198285
"12",13.18222923996,5.55904534055567,21.7916145540423,5.11447853237529
"13",12.3238114069972,3.22093855274774,22.0116605329884,12.3488448747452
"14",13.0960733075505,5.54736167999596,22.232484723225,5.5903996832371
"15",12.3572214831929,4.01679862316418,21.6756187094282,9.62522283993571
"16",12.6969561385232,4.56380289338486,20.8294184339739,7.13800975381933
"17",13.1672153636669,5.54762926789076,22.5945928005386,5.95170499686632
"18",15.7373057549849,7.12945152017151,24.1855894608084,2.79723490029382
"19",12.1971637799007,4.50655275154949,21.1215507897635,7.60189253511499
"20",12.8716411798769,4.98602292906192,20.9900710712816,6.03200228409582
"21",12.9096230011912,4.01371287946166,22.4080901154828,10.3669514770978
"22",12.2490267098596,4.83537534382817,21.7105617079933,7.20443567650882
"23",13.5256570106105,5.62405109703783,22.0576808390269,5.1855275479134
"24",14.343281521179,5.21995373673231,22.3272159311876,6.66735472099068
"25",11.6949047585177,3.67932403964704,21.291446045746,10.2534739268049
"26",12.7239478307836,4.68434624241092,22.9839221965006,8.9308834692678
"27",12.9060888073946,4.91977943847524,21.4700340380488,6.71069572262306
"28",12.0030412008283,4.78189641341648,20.5581749031903,6.21248566294091
"29",14.4428925019229,6.60073098062868,22.1804667436097,2.37827380172363
"30",12.0786408331127,4.28038683275613,20.2935816920447,7.4524211937763
"31",13.4676065966887,5.22565707893526,22.1706902690447,6.49371903223888
"32",12.0512594718262,4.19334857794801,21.6823163382717,9.10227060442765
"33",13.0393102553798,4.60388324678151,21.8861852473055,8.07453550696093
"34",12.8842959715721,5.08553603218945,22.703807444233,7.4471993476647
"35",12.1824622746495,4.47611844438999,22.8281583471888,9.39980301401884
"36",13.6958002961387,5.98906928988525,21.6383595828254,3.67115171316961
"37",14.0078360649364,5.44184223428134,22.3962096153192,6.07068291247515
"38",12.5584316066622,4.75352181216101,21.8407734243751,7.5802079878921
"39",12.8194804412759,3.97445984165185,22.5411675620545,10.6177880370989
"40",12.8355295277596,4.99412071643675,19.6706774490975,4.6883152997872
"41",11.8310993747595,5.12320105180528,21.7576857137166,6.38808255830076
"42",15.3040028266586,6.04811212777863,22.9183387113311,4.77400232799518
"43",14.2982414514727,5.12371224206083,23.3327437514774,7.96160702529497
"44",13.2191242288233,6.03002994795854,22.3693916010075,4.27930175713184
"45",14.1616635868601,5.24183087064956,22.0498937052309,6.32440109328225
"46",14.5843809131305,6.96332244223479,22.5733087731621,1.68334144645776
"47",12.3014792564843,4.24757561601973,21.0833499597437,8.3406231116845
"48",14.081486163726,7.04942967645896,22.9160524013954,1.76776337201851
"49",10.704213988658,3.06929111349135,20.8886513802457,11.6807780397716
"50",13.6089020880502,6.05461314499674,21.9736852002415,3.80984576525133
"51",11.9802576872022,3.05941843292009,20.9594387261269,11.7811834273666
"52",12.9226118619545,5.16722905593036,21.142854059793,5.64116689200188
"53",12.3734777360137,4.82839245194683,22.0853815914854,7.60020423564494
"54",14.1844542388213,5.12235816282295,22.6054052443831,7.23833075591431
"55",12.7389865482937,5.37766484428457,20.4685206164908,4.33552608363705
"56",13.3772719585068,6.59729022716373,22.1981802683377,2.40630958684649
"57",14.5495111497666,5.60269294303209,24.8599319349658,8.05185310586949
"58",14.3605979532783,5.68140179733227,22.1035333521736,5.05932796017681
"59",12.0388600038845,5.21683415954254,21.3571920248363,5.70668954620868
"60",12.2920323469172,4.52868623919874,20.3419063794032,6.75584766180703
"61",12.395451489046,4.64051311754304,21.9510550392273,8.02951568659813
"62",13.3678752600417,6.0889164323144,23.3763955666065,5.10964626966326
"63",12.7835125744429,6.54937298825023,21.7087618094105,2.06064284465984
"64",12.0887937557571,4.76922079648898,21.4125820196013,7.10491963013439
"65",13.6149293170023,5.88615885027888,22.3749907740232,4.71651422318656
"66",13.7227261975226,5.41826481266803,22.1271614264103,5.87236698840621
"67",12.4320278752644,5.47631472628934,22.6345625311414,6.20561835227339
"68",12.6850278565663,3.57970353063531,21.8824249842856,11.1433143923797
"69",16.5116025379497,8.33158250463283,24.1857949141839,-0.808952599714541
"70",13.9251503416635,6.71164272380545,20.9865224740779,0.85159430266156
"71",14.039720270945,7.46037771828385,22.2885443503224,-0.0925888045291678
"72",12.5853122689329,5.05386495832265,21.0223446295391,5.86074975457119
"73",12.6773226800741,5.61415786200299,21.8846570602789,5.0421834742699
"74",13.6823340682696,4.55644644840704,23.6114658536039,9.94212650838274
"75",14.0211412083031,6.15451890661189,21.7640961642522,3.30053944441655
"76",14.2577116178195,7.68541426398942,21.0730006392601,-1.98324215270814
"77",11.9239880257996,4.31013152594523,19.8593361168973,6.92894153906157
"78",13.4349413701333,5.39500003913944,21.8182486294573,5.63324851203901
"79",13.7245256564023,5.63640244605638,20.7049888094062,3.79578147123711
"80",12.7885013141224,5.08974161614036,22.4350264168605,7.16580156843938
"81",12.3735002343523,3.82322485731458,21.7456880692223,10.2760134972785
"82",13.4907581481832,4.17469004708786,22.6469926215753,10.1229224803117
"83",11.5742652330208,4.57532151898895,21.7011857123522,7.97522115538537
"84",13.0878426780731,3.92751271557848,22.8722632908903,11.0897251441549
"85",13.7963324883916,5.24714214417154,23.41649962564,7.67507319312541
"86",12.5609859458446,4.30998474373459,21.1755958505142,8.24564161931045
"87",15.3423169677559,6.69168940494264,23.3702109279364,3.29514271310846
"88",14.2168619943477,5.14634697736137,22.347218518003,6.9081775859189
"89",11.9416423550497,3.7933214719548,21.5181456721475,10.1381812562831
"90",12.4267019623036,3.91867985801413,21.9729182199347,10.2168786458924
"91",13.3994053849853,5.34837649298333,20.9261891666934,4.88105968774346
"92",10.9218211812067,3.60534636028795,21.7630320197469,10.9469929388831
"93",12.9107153661149,5.56662460074486,23.1114538104885,6.41158000825393
"94",12.5279819706552,4.04171166207755,20.8361844182431,8.71104943201047
"95",13.6013014133266,5.04752152954799,22.8799923007976,7.73742771215367
"96",11.889924878573,3.75417392864448,21.8663653905327,10.6038436045992
"97",12.2604504766849,3.59449611706184,22.2696279006203,11.4861395494348
"98",14.2451464587857,6.72809674541168,21.9407054948676,1.75641525863258
"99",14.1703553924911,6.06124538101737,22.1436145294009,3.95987838634878
"100",13.9285748243054,5.40893211450336,23.3495545023466,7.12275815883654
"101",15.1233651917641,6.25574574758713,24.0621542879857,5.29491704522429
"102",13.6205503908975,5.4094097865355,22.7371538661191,6.50892450651262
"103",11.6677033215218,2.73444656792834,21.9223494977737,13.7190097939887
"104",12.6650960411731,5.2031308471287,21.583313685262,5.97392114387592
"105",12.3189189258237,5.13831642234724,22.7113955997852,7.29644633274345
"106",14.1281138390919,4.93996522299923,23.7374141292539,8.91751846025623
"107",13.5956789508525,5.86479048312271,22.4726433037656,4.87827185439744
"108",12.5838234922462,5.68719307801932,23.450487493338,6.38890825928007
"109",11.5624960299144,3.75742601485064,21.0493658850296,9.77708784047766
"110",13.9550417679279,5.37596219070909,22.2443934053131,6.11650683318583
"111",13.9491334405024,6.19078154476764,23.0018401572736,4.42949552297064
"112",12.4912648921172,4.13659532960254,21.1719018602966,8.76211587148893
"113",10.9649107671848,4.42944901599463,20.5992986384768,7.31095159049297
"114",11.895880412365,3.66280927966105,22.0458659019985,11.0574380630153
"115",11.6532553244818,3.93684593498122,20.4873397856239,8.67680198068021
"116",13.0973602165817,6.52516199292252,21.3911485768292,1.81566259806161
"117",12.9955999718511,5.59835407485895,21.5170870121992,4.72202478762236
"118",13.5479906739452,4.8675550782629,21.5821967492037,6.97953151441497
"119",14.4189121404977,7.44701284327596,22.4413618010576,0.100323271229684
"120",14.3778799467468,6.08046169273988,22.5401793736278,4.29879429540815
"121",15.1075851325879,6.83067734543123,22.8030495776364,2.31101754134271
"122",13.3834626687586,4.99776627223291,23.0454196487689,8.05212083207018
"123",13.1278346874272,4.59433352138349,22.4305002432755,8.64749967912502
"124",12.040638362294,4.39065102080536,22.059682529829,8.88772946741288
"125",14.3561759972786,5.50941898479791,23.0748508366098,6.54659388221613
"126",13.3013224818936,4.66572078130809,22.8198484587069,8.82268611478263
"127",12.6906699546126,4.28655013645713,22.8189411675599,9.95929075818852
"128",11.8114952199621,3.53530861708277,22.1434315743779,11.5375057231296
"129",13.4306149070001,6.20800379314467,22.4185736968015,3.79456231736746
"130",12.0719292268244,2.77031029562336,20.5332372085215,12.2223063216515
"131",14.3490178422961,5.49381225992642,22.6693529929299,6.18791621315064
"132",14.2246831379711,4.28015715361726,24.478667584356,11.6381961235043
"133",11.5863224928927,4.25891627209599,20.0411597888265,7.26441097253849
"134",14.938442999236,6.94433237697007,22.7950160613747,1.9620189304645
"135",13.1217485211958,5.30940142943643,21.3485519787978,5.42034769048852
"136",13.0117129222694,5.51655806523772,21.598605863399,5.04893166768589
"137",12.2859547790304,4.58147003950351,21.5037883128402,7.75937819432967
"138",12.6949874716031,6.50640566143173,21.6996855932454,2.1804686089502
"139",11.9323254387941,4.16091420316268,21.8471802462924,9.36443763680438
"140",13.2353994317334,4.86492318672778,21.9292664257706,7.33449686558722
"141",13.9352196000041,6.23096991133017,22.3295805591803,3.63667082518983
"142",12.9028004617662,3.83015911751475,22.6364864782797,11.1460091257355
"143",12.4294216250317,4.54543678102824,21.4199472785719,7.78363693548721
"144",13.4680590621645,5.67945402720729,21.2490884168189,4.21072633519699
"145",12.5937377628934,4.64502410468144,21.6873650254707,7.75229271142638
"146",13.2518572062715,5.70217787532059,22.7132475156168,5.60671388965502
"147",13.0867007466839,4.31508131048443,21.6627500888588,8.71750615740551
"148",13.0193175220951,4.79982066699252,23.4680166183663,9.06855461738874
"149",13.5073799022454,5.11939272547511,22.2576094986742,6.89943132224887
"150",14.0219626410911,4.97178585366754,22.2994586871159,7.38410112611325
"151",15.2511661799858,6.95233818889239,22.5089866319468,1.6519720652696
"152",13.8904796545392,7.1630645951923,21.3403861503477,-0.148807635229225
"153",12.6632039687247,3.92210203498305,22.7467527484916,10.9804466435425
"154",13.2924076085568,6.42051253104645,22.4169640517039,3.15542645856451
"155",15.4643835863617,6.60162894136115,23.4921454802765,3.68725865619301
"156",13.5894955429939,7.17056333929478,22.2989544959211,0.787264478036779
"157",13.5855819403805,5.96689207674131,21.2034864202224,3.30281018999846
"158",12.6923990504826,4.22524265279104,21.8191815359909,9.14345357761782
"159",12.5130815067098,4.00025801261036,21.2833656533166,9.28259161548555
"160",11.9417041374132,4.43403172198673,22.4444079865348,9.14231282057461
"161",12.8688915935079,4.4701153045702,21.0868299286147,7.67648401490415
"162",14.3479122480108,6.36470265991712,22.1705663096404,3.07645832988899
"163",13.2938116594926,4.21909184735797,22.2039238075078,9.5466482654339
"164",12.8778550162035,5.34545410459861,22.8249947654551,6.78863245165924
"165",13.1690860683357,5.15019835522347,21.2603926374201,5.80979757174967
"166",12.2891342765381,5.1062006152568,21.3547827778494,6.03618093207903
"167",13.5513770095065,5.58515333404337,21.9679073120226,5.21244730989248
"168",10.1506793504235,3.23783770135482,20.2942267875003,10.5807136834358
"169",13.6642272566363,5.40233819979503,22.9369964553818,6.7299818559967
"170",14.1370391138915,5.80857018903469,22.1996076547684,4.77389708766436
"171",12.0934998321075,4.73831361555256,20.9005283362464,6.6855874895887
"172",12.1545422151151,3.71816287859215,21.7522125404516,10.5977239046751
"173",11.8845899406405,3.89393627193149,21.5627944659705,9.88098565017603
"174",14.5468593439342,5.81642998629087,22.9486272592908,5.49933730041816
"175",13.1269678525186,4.8193725052127,22.1124764646187,7.65435894898059
"176",13.6984534473718,4.84364484677582,22.4426222129423,7.91168767261482
"177",13.4666215806202,5.79524347497269,21.6685008099426,4.28277038502456
"178",13.1289106798222,5.34732914659625,23.375362579694,7.33337513990522
"179",12.7557633740988,3.54936163181698,22.6790172670926,12.0309323716417
"180",12.5552927886035,5.32063057890342,22.3349908259021,6.37309908919183
"181",11.5706531384782,5.12389232304395,20.6061141912045,5.23443722207264
"182",11.9358725544666,4.69799349475757,21.1634714368258,7.06949095255311
"183",13.0901026715808,5.31814615971466,23.0050821753542,7.05064369621022
"184",13.4185288404551,4.94329731710102,21.5865624582513,6.75667050694821
"185",13.9180340272744,5.7136172432374,22.2632817116317,5.1224299819195
"186",11.6385290985178,3.43633376151116,19.8477163890515,9.53871510451801
"187",12.1640089113042,3.8533836044193,22.0742122311163,10.5140614178584
"188",12.2663461215116,4.04449466962869,22.384174502838,10.2506904939519
"189",14.2381141505915,6.056023542281,22.3408635844664,4.17279295762338
"190",14.1601321734273,7.25672894995962,22.8836822804686,1.11349543058974
"191",12.4909820449565,5.21945783257273,20.6113442030111,4.95297070529289
"192",13.350225341802,4.53838639683954,21.9664521213121,8.35129293079345
"193",11.5506256136796,3.91772477348934,20.6247175224285,8.87154320196046
"194",13.2251658226458,6.02975905984386,21.6289017295218,3.53962454999019
"195",12.2612290944571,4.05663950604282,21.7439699164057,9.57405139827727
"196",10.1230486129593,2.81303592160707,20.2759514045682,11.836843639747
"197",12.146376554137,5.6598877977197,18.4479407812779,1.46827738811878
"198",13.2042778441935,4.88742935220569,23.0881536373498,8.42586558073278
"199",13.5648389572536,4.93539854606641,21.9191347472738,7.11293910907461
"200",14.0467141323597,5.42390109276705,22.5159131297282,6.24420985142709
"201",12.319169370322,4.76013058761507,21.4835050974257,7.20311333458054
"202",11.4698089439712,3.3539562911814,21.6819245754542,11.62005570191
"203",12.9325539165619,4.97674166992274,20.8247114258146,5.89448641604636
"204",12.5629682504645,3.9433942981958,22.1072476121031,10.2770647175157
"205",12.7859223660832,3.92459878614863,23.6997259895891,11.9259296311432
"206",11.3469591754422,2.56586728019634,20.7598920634621,13.0622902228731
"207",12.162976560926,2.92283396816825,20.728848000504,11.9603460959993
"208",13.1237158334504,3.85548101517776,23.4365798984938,11.8701368529606
"209",13.3850313759246,4.80215856478251,23.4412619257164,9.03478623136889
"210",11.6603937330993,4.54379746333797,20.1798624965801,6.5484701065662
"211",12.6240645330724,4.78227472004713,22.4963156010928,8.14949144095139
"212",13.1562927679249,5.44826563488497,21.4385307279217,5.09373382326676
"213",12.0084945305239,2.65766497392534,22.5823893094203,14.6093943876443
"214",14.4819985782612,5.75076165086072,21.517108448691,4.26482349610886
"215",13.4927202818948,5.10172084684907,22.4315599087682,7.126397368221
"216",13.4109421991205,5.1747855909681,21.2175730080583,5.69321623515397
"217",12.0648338541694,3.47803448976238,22.3724250879231,11.938321618636
"218",12.2979779677652,5.10767569308586,21.9668131020309,6.64378602277329
"219",13.5578666480842,6.00603141335197,20.9207753947656,2.90268115470971
"220",13.2991487572209,4.99027526465253,24.1590939540877,9.18826816013008
"221",13.7003079288405,5.20282834615848,23.6859900702625,8.07750503178705
"222",12.805288576592,4.63214228146359,22.3628673683279,8.46644052393714
"223",12.6981195482984,6.10511344882528,20.6716071763007,2.3562668298249
"224",10.6896166014252,3.20978327592629,21.1757289950878,11.5463791673089
"225",11.8071007211479,4.57535176051404,22.1373002477965,8.41124496625441
"226",16.0314586749623,7.89374915399122,23.3058005228768,-0.375446939096893
"227",12.8860529257299,4.99508079680764,21.6884007685126,6.70315837808969
"228",12.5592251555356,4.98851042554464,21.3176815032895,6.35215022665556
"229",14.3402476700531,6.85929711228658,22.0320173868365,1.45412604997678
"230",12.7390420924277,5.54857135026261,21.7239424113791,5.07822836059129
"231",13.2386152541936,5.73414662966762,21.5531141767421,4.35067428773926
"232",11.6830172435643,4.35773267003874,21.5831076499076,8.5099096397914
"233",14.051398867731,6.20796106886298,21.1008116661939,2.47692845960492
"234",13.2321464538336,4.96602520357731,21.3164192404627,6.41834362973073
"235",13.1472230073683,5.08789406117588,21.7780751681614,6.51439298463379
"236",13.3257417548408,5.71811545989429,21.8168472475482,4.66250086786536
"237",11.6766298827058,2.83290749577522,20.6905532941925,12.1918308068668
"238",14.4102215893025,5.580045442173,23.3967252099752,6.65658888345622
"239",12.2388832360107,5.07742585893694,21.6787570191786,6.4464794423678
"240",13.7077008801708,5.46325104331019,22.0116515695553,5.62189843962472
"241",13.9209008984168,6.03697565717827,24.4269877068094,6.31606073527456
"242",13.6381090662342,4.53624474425481,22.3252841782933,8.71654994552886
"243",13.5375089453425,4.8937020035115,23.092492338618,8.41138632808353
"244",13.0347323202644,5.40922253385254,21.1284666268627,4.90079902530504
"245",14.6463596003639,7.3124450106638,23.1504178600382,1.21308282804683
"246",12.8566411558261,4.89664401836605,22.6923227011822,8.00239064608407
"247",12.4434317114325,3.75787848004185,22.1113905358784,10.8377550957529
"248",12.6408879982634,5.11630620974161,21.5188269373154,6.1699083080906
"249",11.5243298470988,2.78864028918076,22.4461810309771,14.0802601634348
"250",12.3309861228378,5.14294039335235,21.9840613880337,6.55524020797669
"251",13.7755129888197,6.15551932669032,22.3502445838191,3.88368660374818
"252",12.774701717852,5.12562153527513,21.6404136064022,6.26354900057685
"253",13.6688368532186,5.20015203527144,21.9927287353667,6.39227262955239
"254",13.1477465455268,5.675484316419,22.7875756760274,5.7611227267704
"255",12.8624021923647,4.83608332350445,22.4761573336964,7.96790736318307
"256",12.6484677882977,5.11141092954841,20.6200555843103,5.28582279566506
"257",13.4438558198003,4.79105590327375,22.5240509667877,8.15088325696648
"258",12.8641544107241,3.64627341452537,21.3474199014646,10.4085996578885
"259",14.1280414528751,4.32103684164225,22.6028699433329,9.63975941840617
"260",12.0299198445782,3.63433630881625,20.8154357994366,9.91242687298788
"261",14.1056709661773,6.60573896114426,21.944424503276,2.12720761984325
"262",11.4277163949471,4.02603266628119,20.9820952146249,8.90399721578131
"263",13.1251428588108,6.23617103102634,21.1156446840785,2.40713159099944
"264",15.1768230477667,6.27929296888739,23.7332128460563,4.89533393939413
"265",12.0010208464402,4.46702197138331,21.4019477886254,8.0008818744755
"266",12.7375056982776,5.71699855980342,22.8117745753357,5.6607788959254
"267",14.7026186163057,6.13710073594991,23.7070190347237,5.29571682687401
"268",11.9549323137786,5.80264383608004,19.3150746700044,1.90714316176423
"269",13.0090119693714,5.47507568407471,22.3309955381257,5.90576848590161
"270",12.1534453957419,4.41239476059732,21.2997480868489,8.0625638050569
"271",11.9124897136953,4.43460411086735,21.3117246310784,8.00791229847641
"272",12.9323269111932,4.5587611766671,23.1202019006721,9.44391837067077
"273",14.8659479091186,6.08826432987442,22.8242411787334,4.55944818911015
"274",12.458358073341,4.57717614689236,22.9274501143673,9.19592167369023
"275",13.9060955172,4.74150141913311,21.781281241008,7.5567769836087
"276",13.3715628776134,6.07889346838548,21.9070680944314,3.67038768927501
"277",13.2506470042263,5.40740673202274,21.6429231457329,5.42070294966467
"278",12.4678326670197,3.87664635521663,21.8333935966281,10.2034545309783
"279",13.5395262669332,5.62020224597333,22.3677438844268,5.50713714650678
"280",13.2558561030752,5.24978032360626,22.7447080238056,6.99536705298678
"281",13.4256838298749,5.65012511042135,23.0646041494226,6.11422881815859
"282",11.9102226025157,4.14344773239401,20.2008247155898,7.77048151840776
"283",14.3498750351827,5.91827669831741,23.4790119858788,5.72418189092659
"284",13.3236286390496,4.86672734520863,21.8667700698182,7.2665880341923
"285",12.2054515627301,5.96694287818861,22.3919792090699,4.49115057450403
"286",14.1830397692644,5.30451027773515,22.5620849791564,6.64855414595095
"287",11.3568838614345,2.9915450933207,20.4190829464019,11.4444476664398
"288",13.9462681607779,7.06060407455458,20.9253924353986,-0.256419788265099
"289",13.4665025006993,6.1416880404092,22.0082989182769,3.58323479704934
"290",10.5460307120099,2.34564520432264,20.5648150828079,13.5278794698399
"291",14.9826685397587,6.34359807709112,22.2575559195005,3.22676168822716
"292",11.603139047289,3.58903918834723,20.2607265459891,9.49360898094743
"293",12.719676582465,4.82064652638971,21.3658021811995,6.90386260203035
"294",14.085828344262,5.29288241396912,23.4543871862823,7.57573994437497
"295",14.4190554450467,5.94960635410344,22.7182966108085,4.86947754849817
"296",12.9767192460148,4.49344299772488,22.5097394355115,9.02941044233689
"297",12.9550482419101,5.71546251928507,20.5767502096061,3.43036265175086
"298",14.6983730371139,5.69840751683104,23.8311509969778,6.7359284464847
"299",13.4884480955668,4.65768205400628,22.2980929310992,8.3250467690804
"300",13.8595954807393,5.57551164561353,23.5202058187667,6.79367088192611
"301",12.4969455129269,5.25884640574654,20.6630329454619,4.88649372822228
"302",11.2651839904305,4.60055371945045,21.0644653922347,7.2628042338833
"303",12.8082885547678,5.75822787226194,20.8228243304502,3.54814071366437
"304",11.6615974318171,4.79166067424975,20.4407282556436,6.06574623289431
"305",12.5956271795446,4.64334886171182,22.2832888443433,8.3532422592079
"306",11.9412013012161,4.32806745517387,21.5881013411292,8.60389897560754
"307",13.0428181481684,4.53131675542506,22.2980491524635,8.70409888618834
"308",13.2671290063601,4.38700709796634,21.8254833034716,8.66446200957254
"309",13.8134953356306,5.52406410278624,23.9918454745753,7.41965316621656
"310",13.677218397143,5.52085838574806,22.522758025812,5.96018286856779
"311",11.5784892089324,3.1891605441177,20.4599533848135,10.8924717524604
"312",13.8588925255229,5.14859884667247,22.9687312369264,7.52293469690898
"313",14.1536876721824,5.59010074831386,23.2240997938575,6.45379754891588
"314",13.6849249671805,5.02974386559127,22.8640958921343,7.77486429536045
"315",11.6708546243523,4.47016127083548,20.8645218575506,7.45403804504418
"316",12.2724603896512,3.0943238880033,22.9955771512745,13.7126054872646
"317",12.2799182823268,4.19320984967531,20.8183480296981,8.23871848067214
"318",13.1556596891697,5.32497933515766,21.6666209036381,5.69168289816515
"319",13.8976583290536,7.7111421101633,21.1872510833125,-1.94617524717738
"320",12.2467770031445,6.19714638396927,22.2829746652011,3.69153551329331
"321",14.2087403123198,6.90196146825489,21.9435605565659,1.23767615180126
"322",13.907294994491,4.00345744672268,23.3775291260854,11.3671567859174
"323",13.5260847508192,4.04594995135874,23.1440769444054,11.0062270903292
"324",13.1352715141006,6.00737215387358,22.1715378940121,4.14942143239137
"325",13.8682791978793,6.72378609803468,21.4285300856795,1.25717179157543
"326",14.4903582794301,5.22093333894508,22.9381437417808,7.27534372494554
"327",12.2571322193632,4.95662716608738,21.1678856767529,6.29800417849074
"328",12.4137483327054,3.33907485510363,23.196784190254,13.1795596249432
"329",13.7957245671432,6.28348899200111,21.001066314194,2.15059933819065
"330",13.0268869467722,4.73892507542709,22.5686930452761,8.35191781899482
"331",10.9916886777749,3.49746260762729,20.9379021784647,10.4455143555828
"332",13.1680944404068,4.7263192003077,22.4016097657687,8.22265216484554
"333",13.4796824201691,4.52384871297495,22.0128188614354,8.44127272251054
"334",10.9510217561793,2.14611223242044,19.2725914758874,12.8342547786261
"335",12.8437034176439,5.76948805044282,21.3444025497286,4.03593839840013
"336",13.7538178044258,6.93420238555481,23.3101744285258,2.50756727186132
"337",13.5030733562448,5.94657862457415,23.6000796893823,5.76034381565985
"338",13.0604922409091,5.53743137704069,21.5938524547983,4.98155832367618
"339",12.448891978498,4.85694072912198,20.7051130637009,6.13429087633499
"340",13.0845261414672,5.05607919345317,21.2258124830391,6.05757490267964
"341",12.9134607540315,4.16856895326707,21.763958304527,9.25825144472578
"342",13.8102186839737,4.94562363456388,23.684993406275,8.84812250258332
"343",13.300825103078,5.60387663417084,21.4547143879317,4.64308448541921
"344",13.3802235236551,5.05190149353821,21.6118960602104,6.45619157959581
"345",13.8456798686655,6.16783369761642,21.3584940847873,2.85499299193803
"346",13.7106154894653,4.14527779809376,22.8950261543828,10.4591927601015
"347",13.345922291326,3.89451394134467,22.6528188474266,10.9692770233926
"348",12.1345497760158,3.32476444461956,21.1603141967671,11.1860208629085
"349",13.9455931649148,4.32871247294049,22.4709812606378,9.48484384181636
"350",13.6132558448112,6.00488142469974,22.2526167087814,4.23797243468216
"351",15.4743990835901,7.52452226296814,23.0661542401948,0.492587451290383
"352",12.8692467878636,5.3602559310685,21.409695658869,5.32892786566351
"353",11.5391535438165,3.73430650036569,21.0682942560736,9.86537475497655
"354",15.8159981653275,6.54446369107807,25.7335103819504,6.10011930871622
"355",12.6676777200442,4.5501023268616,20.2755411986187,6.62523421803392
"356",12.7960967070548,4.65259083122116,21.6116232939529,7.65385080028936
"357",13.2087741651616,4.13788336774934,22.1264160883535,9.71276598510543
"358",13.0929501951873,5.57344271914555,21.9104713281432,5.19014317070655
"359",13.3903947094367,5.2454545964495,22.3015867414935,6.56522295214499
"360",12.4098227352962,4.75769733372998,22.7973674582565,8.52427545706659
"361",12.9991820233494,5.89733394199533,21.7410851172408,4.04908329125485
"362",11.2455034735831,4.05764544247534,21.7600294708299,9.58709314340384
"363",13.3058911499626,5.47203549389361,22.4580280487013,6.04192156702044
"364",13.1745626588482,4.27823680998748,21.809900575962,8.97519014599954
"365",13.6781325539986,6.1099177409341,22.7169126298639,4.38715940706166
"366",14.6867774309058,6.27990463356243,21.7198149641292,2.88010106344191
"367",13.1202382409735,4.98437244615884,22.9555570954213,8.00243975694482
"368",13.0041094083793,3.39295822678672,21.261477261114,11.0826025807538
"369",13.0639275618006,4.59394911210503,22.3505847909919,8.56873745467684
"370",13.3361332531279,4.67470252166373,22.0443467340821,8.02023916909088
"371",13.2565956068941,4.77908252095284,22.0452807830238,7.70803322016531
"372",14.1763902635179,6.26074237921061,23.7801701570542,4.99794301942238
"373",13.5581954306397,5.45086642491933,21.9184597405486,5.56586046579065
"374",11.0009754901099,3.36531286352251,20.232734249622,10.1367956590545
"375",14.578736098645,6.08597767893296,24.1298804932174,5.87194745641848
"376",12.8284892165069,5.8762280564491,22.0863065847599,4.45762241541258
"377",14.7177653994145,6.68566634778295,22.7570496456568,2.70005060230799
"378",11.7530482350995,3.74737249275923,21.8169207320915,10.5748032538138
"379",12.2429187618275,5.43870994692075,21.099765876903,4.78363603614076
"380",12.4549368510805,4.2272788065569,20.9124223622932,8.23058594262249
"381",13.2121946012892,5.74889592868042,21.9725478943347,4.72586010829343
"382",12.058921964778,3.09074655850894,21.2347010554213,11.9624613798945
"383",14.3904735288446,6.32092448036253,22.4844156593455,3.52164221825792
"384",14.9843418295838,5.9517590254554,23.354424673744,5.49914759737783
"385",14.0504984316913,5.82813931945829,22.354197756573,4.86977979819813
"386",11.8151234531888,5.18669857788445,21.3549394613127,5.79484372765931
"387",13.7502075943445,6.67857068804389,21.9593881494031,1.92367608527141
"388",12.3380101321643,4.19594113151694,22.3849830172558,9.79715962270501
"389",12.4866704418424,4.38729790280574,20.2716762393306,7.10978253091334
"390",12.9381524409505,4.24712032267596,22.5149344935129,9.773573525485
"391",13.9409515370072,6.74635980292472,23.9048932205396,3.66581381176542
"392",13.5996899020315,4.71104256108227,22.3455129035734,8.2123852203266
"393",10.7909285307957,3.21438331288569,20.0698621630504,10.4267122243934
"394",12.6564283782026,4.15487417758554,22.7749846063799,10.3103620736233
"395",14.3168270878444,4.94690377660549,21.9234916203206,7.08278029050412
"396",12.9896322321682,3.92918970458186,21.9171551141935,10.1295860004479
"397",14.7171567289517,6.31775565988337,23.0674641032116,4.11419712356152
"398",12.8286135398465,4.40710052818159,21.4544396904514,8.23313810590657
"399",12.1526440888433,2.93500726653924,20.6639171132466,11.8588953136288
"400",13.9717005708433,5.43272672778653,22.3618944901177,6.06371430675807
"401",11.9624412415865,4.42943806445725,21.4987750763968,8.21046088302503
"402",13.7627657852191,5.99424425372241,21.9882521717652,4.00551941059797
"403",13.4242993621055,5.46161595556237,21.5455699039803,5.16072203729324
"404",13.9831197731711,5.89214512812982,21.2919128459132,3.6154774615237
"405",12.7762511637834,4.46470054037214,21.1343571100384,7.74025548892201
"406",13.2957202473204,5.40036687547044,23.6490874861776,7.4479868597663
"407",12.6585535062874,3.39307506561808,22.1815502526774,12.0023250558231
"408",13.7477716447175,5.92315042712143,22.6866864601301,4.91723517876575
"409",12.1150683856039,2.91481527225877,22.734940938865,13.9904951220888
"410",11.2866824410989,3.85994879149232,21.0615290632037,9.48168268872676
"411",12.9722076177642,5.80899293415329,20.7342254269578,3.30724662449794
"412",11.8613041341314,4.04152229438007,21.3051544098401,9.1805875266999
"413",11.884593332053,3.75080626526372,20.0977611102966,8.84534231450545
"414",12.3327284419353,4.09423520837478,23.0074695022535,10.7247638771291
"415",11.6703754856517,5.22600544059426,20.9076792468616,5.22966292507881
"416",12.3750924723513,3.93824852620186,21.3922521458876,9.57750656728201
"417",13.0395619852914,3.76064971657004,23.7344687495882,12.4525195998781
"418",13.0363951848404,4.63548882859852,21.5887226540596,7.68225616826406
"419",11.3042647567145,4.23951630077793,19.4070555934075,6.68850669107377
"420",10.5969290370842,1.56422812028854,22.1603973419237,17.467712981058
"421",12.9984795375853,5.47391837069823,21.0348542236473,4.61309911155262
"422",14.5380215573176,5.25964286521702,22.2471428601499,6.4682142644988
"423",12.3758751953562,5.418164620193,21.7365285903388,5.48203472975979
"424",13.5615970448582,7.39229511236657,22.7863571098221,0.60947177272244
"425",13.3503146595992,5.65200050919715,22.5389774135536,5.5829758859621
"426",12.5200915056931,5.01407078571208,21.7231963982184,6.68098404108212
"427",13.2880926999363,6.03021222632485,22.285952617096,4.19531593812145
"428",12.1413305070388,4.92164506660569,21.9850555205201,7.22012032070307
"429",12.0976840177039,4.32820761955149,22.6599719102103,9.67534905155579
"430",12.1553438606765,4.40611706078283,22.3821407825266,9.16378960017808
"431",12.7101324507907,4.20281021690792,22.8587610991411,10.2503304484173
"432",12.7536821006072,5.46754819994538,20.6815536460138,4.27890904617764
"433",13.2841359360773,5.88524046387327,23.4814409925961,5.82571960097625
"434",14.4242220221934,5.64031952144009,24.8899012380947,7.96894267377443
"435",12.4076520722326,4.4066755960852,22.468162788164,9.24813599990845
"436",13.6034241786689,6.44198712106044,20.9397996488063,1.61383828562496
"437",12.9695170736912,5.44678825303131,21.9884237696729,5.64805901057898
"438",11.8679061152972,3.73088089140338,22.1821660379258,10.9895233637157
"439",12.6012505568671,4.24886838501753,21.2490590911282,8.50245393607558
"440",14.0330358983451,5.60506523451036,21.7150775957259,4.89988189219478
"441",12.6589691103551,4.81274117896083,21.4604987752767,7.02227523839419
"442",12.898252312173,5.51857040315343,23.4665392239457,6.91082801448539
"443",11.4190158577053,3.76454559493496,19.8140496531881,8.52041286838323
"444",11.7719098810473,2.75708826387678,21.1190999680566,12.8478351764263
"445",12.3163024694112,3.89318559043971,21.5156511266662,9.83609435534709
"446",11.3470679578336,3.2649904938652,21.541130197559,11.7461587159634
"447",11.6263008261736,3.1768374423746,20.2148857191135,10.6843733919897
"448",12.5302771731983,5.52967475163433,20.6506670933012,4.06164283839816
"449",12.8421127289024,4.60509171919631,21.4703126786728,7.65503752108385
"450",13.7328146461858,5.20756850604631,22.99900686708,7.37630134894103
"451",12.0110172295689,3.70560992200308,22.2375414803913,11.1207117143821
"452",12.9178126612871,5.68886960019888,20.4336782540797,3.36706945348306
"453",12.1256230761203,3.72403300097882,22.6630601896509,11.4909611867144
"454",11.8081284491282,4.1367482787415,22.3427118104943,9.93246697426983
"455",11.2687949269498,4.47900751616433,20.7097767436604,7.27275419516744
"456",14.106054784635,5.52979561462098,21.8178064590016,5.22841961513869
"457",14.1661590121766,7.13882588247686,23.502921755315,2.08644410788438
"458",13.6677258320644,4.84293820813773,24.1767331817752,9.64791855736198
"459",12.7153984796917,4.37872357695063,20.780151944413,7.64398121356112
"460",13.8509502625457,6.63602172791495,21.6771916489294,1.7691264651846
"461",13.1087268506588,5.56838262727258,21.2589022601886,4.55375437837082
"462",13.1550712893015,5.04485086534575,21.2558485249036,6.12129592886632
"463",13.9404542176507,6.08886420879395,21.4301429133066,3.16355028692471
"464",12.0367053178257,4.2159818297095,21.7726928507714,9.12474736164293
"465",12.230675726699,4.48622455252875,20.8071543540951,7.34848069650882
"466",11.5126470318582,4.76033207300073,20.4725136195443,6.19151740054212
"467",12.9035069356004,4.16162605057718,21.1283430075169,8.64346485578537
"468",12.8996614181106,5.5082371726402,20.6211501624217,4.09643864450105
"469",12.718494090885,5.10152850636036,22.1707562996297,6.86617078054867
"470",12.0924206202731,4.91148447043531,20.1710965363969,5.43664312509099
"471",14.5290232526437,5.53925484172901,21.7621745597524,5.14441003456534
"472",12.3860210156363,5.55325855942302,21.8512510775324,5.19147539926333
"473",13.8219693083728,5.75874310723459,22.6787101244511,5.40248080274732
"474",13.2389948777587,5.04441608571709,22.9482741602001,7.81502590304888
"475",14.441814810607,5.6006835132547,23.6839425920643,6.88189205230015
"476",13.5943659224891,6.0347647822412,20.9915874840464,2.88729313732282
"477",13.5784035055959,4.54318950499147,23.8513271143885,10.221758599414
"478",13.5093549339039,6.06076637149945,20.6939201733191,2.51162105882078
"479",12.7803667481319,3.1434260439418,22.4519847728373,13.0217066410119
"480",13.7121782615097,6.35081882530541,23.8515181143474,4.79906163843119
"481",13.2046974610879,5.06764785470567,22.9193914091839,7.71644784506688
"482",13.2389249455243,5.01401306113077,23.0620950763573,8.02005589296497
"483",12.04678542345,5.3067447454658,20.9672516443991,5.04701740800174
"484",12.6368109683483,3.62358267428451,22.6323424766186,11.761594453765
"485",13.4599597006701,5.85684665209353,22.2919732873847,4.72143333110415
"486",13.1245695115627,4.68249693967203,22.072158775329,8.02466795631286
"487",14.2801737688864,6.45221023134661,23.1677584321308,3.81112773809097
"488",12.9123149168362,5.67472134282486,21.7438833939336,4.71971936545901
"489",12.6763071935039,4.63550924617617,21.6842086496006,7.77768091107206
"490",16.185151917444,6.94970625617635,25.0911869046347,4.24206813610569
"491",12.6096738623216,3.09442311762941,22.6823604008649,13.3990910479766
"492",15.9000233970149,6.9544417481276,24.084542543168,3.22121729878516
"493",10.9130710521456,2.45168326555254,20.0052253759003,12.6501755792427
"494",13.3057806266238,5.76671364712231,21.7470625654122,4.44692162404524
"495",12.9692647552158,4.63456495798784,22.640931033737,8.73723615977345
"496",13.3341038408142,6.02871654745107,22.3931471549906,4.3069975126374
"497",13.0215092938242,4.38215348463636,22.0406157474404,8.89415529353136
"498",13.1050138518809,5.31178826838197,21.3008482273146,5.36548342216869
"499",13.7751565467312,6.90635549875139,22.5633598443982,1.84429334814401
"500",12.4341761857054,4.85791363981899,21.5087638913727,6.93502297191569
"501",14.4955633520485,7.54699985728774,23.4156641440174,0.774664572154215
"502",13.0273499621681,5.35871249395689,21.7210355941622,5.64489811229149
"503",12.4209507560463,4.47445796165475,20.7954513119779,7.37207742701369
"504",12.4292923034198,4.15053150459437,20.7100749559236,8.2584804421405
"505",14.9233002682761,5.56328398222408,22.691842118125,6.0019901714528
"506",13.8531320824596,5.63551778091039,23.3083078215448,6.40175447881365
"507",12.8072916709182,5.4039203845951,21.9347306929293,5.722969539144
"508",12.7005149087685,5.30120302301665,22.0825999057522,6.17899083670227
"509",12.7237363190032,4.74216866782843,21.7584206391154,7.53191463563014
"510",14.2061350494076,5.57492296595317,22.7654762487457,6.04070735088617
"511",12.3410336206187,5.13160476971257,20.8809691834374,5.48615487429966
"512",13.7183994254379,5.62449538431849,22.9835634973897,6.11007734443423
"513",11.1363354067944,4.63468534234558,22.4270316700049,8.52297564296813
"514",12.026987070857,3.25492466874279,20.7019808359727,10.9372068297443
"515",11.9179590558098,4.33967026132825,21.381147348609,8.36213656462426
"516",12.5459674934952,5.43604406553911,21.0637104340401,4.75557823742271
"517",12.9588678670986,6.33149532786,21.1878353906727,2.19334940709274
"518",12.1516075978532,3.61392809236394,20.9664115330792,10.1246272559874
"519",11.9618404526458,4.4595963123234,21.8653028435689,8.48651390659875
"520",12.6884941666601,4.93999645384139,21.7322775222673,6.91228816074309
"521",10.7261184797562,3.22018343457466,20.4958850500553,10.8353347463313
"522",12.8053340464553,4.45614012190852,22.4440351051161,9.07561473939058
"523",10.9631246833666,3.91141102191314,20.6103161237685,8.87608305802904
"524",13.301980944601,5.42634069654438,22.0929212787983,5.81389918916513
"525",13.903856913471,4.89482034747033,21.5274607672648,6.84299972485384
"526",10.9699358662143,3.27151844504363,21.8719248488723,12.0573695137414
"527",14.4200445517312,6.30568052447367,23.1784561565886,4.26141458316761
"528",13.4038934839634,6.35893252956575,21.3738214951203,2.29702390642301
"529",13.4511395832717,4.31860131984491,24.3956744657765,11.4398705062417
"530",12.1937380568497,3.95014056916541,20.982932948168,9.13251124067173
"531",13.1893237749392,4.77934960281154,22.7822734530268,8.44422464459223
"532",12.5195384437264,4.62245142739531,21.0515766642443,7.1842223820584
"533",13.0697170173269,5.07012477932607,20.4589453072488,5.24857096927065
"534",11.8553235415123,4.24356173014588,20.7947001901353,8.0640149996977
"535",12.6256796460431,4.34480557225624,21.0764665252036,8.0420498084349
"536",11.7838488727126,4.59568189145709,22.3029644634877,8.51591878911644
"537",11.8513107754243,3.9852458636052,20.6205818293343,8.66484423851869
"538",13.0887445612505,6.16553892136754,22.2406742627028,3.7440574986002
"539",13.4081736484413,5.04665520598917,22.8556303039499,7.71566468598241
"540",12.876197518307,5.27409873450752,21.3572039206966,5.534907717174
"541",13.3758300477206,4.9234597162401,22.3542964424843,7.58391729376401
"542",13.6604447931033,5.32652589148911,22.4463911449624,6.46681347049506
"543",13.6972371878206,5.19569280469026,23.5563309570804,7.96925254300959
"544",15.4902868948325,7.30282797130945,23.0033906152161,1.09490670128772
"545",13.4184186055509,5.28913540498716,23.1024978664548,7.23509165149334
"546",13.2396537369549,4.6052448759113,22.6782349012305,8.86250027349663
"547",13.634383000618,4.94606770365219,21.6601723406275,6.82196922967091
"548",11.5510707607401,5.16134651360185,21.2995376518638,5.81549811105825
"549",12.9983079005342,5.19535085550757,21.2550105036603,5.66895793713756
"550",13.3035941351203,6.46780942385453,21.0563125640071,1.65288429244351
"551",13.7765519710055,5.0985064487263,23.7720705935439,8.47655124736501
"552",12.6388387200461,4.79419460640405,21.6164355992244,7.23385178001228
"553",12.5884414068135,5.55559364808618,22.5337706715529,5.86698972729438
"554",9.96800083851005,2.55567357664251,21.5444668335885,13.877446103661
"555",10.4876328102652,3.26797398267094,19.2859574833768,9.48203553536393
"556",13.703463604573,5.95221413965995,23.0124207124289,5.15577829344909
"557",14.9598374709588,5.63475670887053,23.2927720576456,6.38850193103403
"558",13.8581438366773,5.57288996742788,21.9093946085896,5.19072470630595
"559",13.285673119049,5.88850311309404,22.4466953861024,4.78118604682034
"560",12.7463085329831,5.01885383104625,21.7427324118781,6.68617091873936
"561",12.4037922049193,5.00189375917343,21.9637211217275,6.95803984420725
"562",12.0810429275552,4.98774484877864,23.8516129521233,8.88837840578739
"563",11.4893705266331,2.87689113216676,21.2495399157978,12.6188665192975
"564",14.3963476860567,6.36723056279452,22.3836254044019,3.28193371601836
"565",12.5931356995375,5.68728474641312,21.7389161000737,4.67706186083431
"566",13.6960070420357,5.6504437518151,21.9752279200189,5.0238966645736
"567",11.773939869593,3.55062979696432,20.7633247411323,10.1114353502393
"568",13.3506072752321,5.85384542179698,22.1531836892909,4.59164742389997
"569",12.5045718839193,3.94731485298137,20.7549428653636,8.91299830641947
"570",11.2739000914156,4.1559726263772,21.2574988630242,8.78958098389261
"571",12.948548108228,4.44880764392727,21.7326500502742,8.38622711849235
"572",13.1015324101727,5.96307666355399,21.0792135084345,3.18998351777256
"573",13.8343692456136,4.59338106597949,23.5393720642013,9.75922886626281
"574",12.547908297185,3.80671072679281,22.5016912922142,11.0815591118358
"575",12.7801050903959,6.48256467544576,21.4699062107887,2.02221218445139
"576",13.6482011145421,4.47215335428507,22.1045575759559,8.68809751310073
"577",12.4869736475443,4.76920303372927,22.1959410843176,7.88833198312979
"578",15.2094467590453,5.90623717870338,22.9940990399281,5.27538750381793
"579",13.7071520692072,4.87944001660396,23.2738769156787,8.63555686586685
"580",13.2829671196395,4.60417287307455,22.9623858903633,9.14986727113968
"581",12.5271916774697,5.37165317066176,21.4102973503753,5.29533783839002
"582",12.6688674966623,3.88000353164004,23.3788588015026,11.7388482065824
"583",12.2307456670708,3.84426927140512,20.439904464929,8.90709665071363
"584",11.7260858905935,4.48937809298368,20.3704235339572,6.90228925500615
"585",13.2189121956426,6.50576619312715,21.3997769481144,1.88247836873292
"586",13.3804909416565,4.93227574635356,23.5363464846346,8.73951924557393
"587",13.794901992882,3.60370412511606,23.6611529665312,12.850040591183
"588",13.7522640167286,6.60243069616145,20.2420317146363,0.434739626151899
"589",12.3031697315376,3.65575093400719,20.4414294628299,9.47417666080835
"590",13.2640346391282,5.91267219067011,22.8693903951276,5.13137382311731
"591",12.79252269676,4.91973501260343,20.9418186676202,6.18261362980988
"592",12.4878177469987,5.09581353170198,21.7909314003567,6.50349080525077
"593",13.223741599983,5.47994790150718,23.1318768431969,6.69203313867541
"594",12.3768631619166,4.36256948584203,21.1834562812045,8.09574782367847
"595",14.7207464123313,6.71844255157862,23.0443078112488,2.88898015651294
"596",11.8472515529502,4.26296468664597,20.7099214563709,7.92102739643301
"597",14.1237635811716,6.15007947252974,21.7228577582255,3.27261934063623
"598",12.221548958773,4.33892421730671,21.793414710021,8.7766420581009
"599",14.0189546244651,5.24442848079171,21.3719524930691,5.63866705069398
"600",14.2631971920161,7.14428726559944,22.0852801422938,0.652418345495484
"601",12.0616375603408,3.87304825670327,21.4265099790744,9.80736520896462
"602",12.4259886989368,5.02479846371921,20.2876201785826,5.21322478742493
"603",13.7392141698576,5.90860406777016,23.0355751055758,5.30976290226535
"604",12.3443298899273,4.05329966917368,23.6942534790993,11.5343544715782
"605",11.0653124772171,2.20703920252827,20.584958664864,13.9638410572792
"606",11.5468030209126,5.4294547358214,20.0040939842961,3.7157297768319
"607",14.3817833418474,6.2586460281142,23.7499015454662,4.97396346112363
"608",12.2036512534023,4.31610523512457,21.3524215075405,8.40410580216678
"609",13.5523095053723,6.28704382719361,22.8501252842197,3.9889938026389
"610",13.5627921710562,4.51114783832038,21.772284945313,8.2388414303518
"611",11.385135011479,4.66037302444564,20.8994651095924,6.91834603625553
"612",13.7522721047717,5.03071482881035,21.6615186839823,6.56937419755124
"613",14.1798211471675,5.43428578805956,23.2913327462165,6.98847538203778
"614",13.0068856866589,4.61563490113075,21.1823886928336,7.3354839894413
"615",12.3518781016728,3.64578484340562,22.5752174953959,11.637862965179
"616",13.783144165076,6.30980434935022,23.1199974926742,4.19058444462358
"617",14.3464944505758,5.87267954323465,23.0861302089798,5.46809157927584
"618",12.2860611617895,4.67631576858376,21.5413637807284,7.51241647497715
"619",12.6110277299233,4.58735825813761,22.1867706778,8.42469590338711
"620",12.544007406823,4.5037881988832,22.001315480217,8.48995088356735
"621",13.9322132526216,5.87211866823849,23.1911563277214,5.57480032300591
"622",13.2049120511782,5.03766837281981,22.8011497826579,7.6881446641985
"623",14.1917281135105,5.39052386763695,23.334007916644,7.16243631373311
"624",12.4420449493985,3.88105468817834,21.466228092713,9.82306402817796
"625",12.9907697002455,5.42379637496429,22.5575650949554,6.28617597006251
"626",13.7070622840082,5.98458977918776,21.5492349371433,3.59546559958003
"627",12.3522141350936,6.07799011353154,21.2893265699548,3.05535622936021
"628",13.0032535557598,5.47837291963281,21.623704100101,5.18858534120261
"629",14.178690437271,5.86935146511838,23.589837065911,5.98178267055591
"630",12.4479808337344,4.62270010969695,21.9562987778856,8.08819844879475
"631",14.3473234699523,5.01369660842259,22.8489913712496,7.80790154598181
"632",12.7216118031876,5.04931755260216,22.1697764075505,7.02182374974398
"633",14.6269804538157,5.56770992059934,24.1941937488214,7.49106398702337
"634",12.3467503178578,4.20747634932796,21.9753752492345,9.3529462012506
"635",13.0718148989236,5.26118781032819,22.1884754293083,6.40491199832372
"636",14.2708704830471,5.09855466815168,22.1537901302502,6.85812612579521
"637",13.3861623885227,5.08129354128031,22.4004935694185,7.15661294557757
"638",13.9485931057937,5.73420226217694,24.4136667330537,7.21105994652284
"639",12.2614969778211,3.77234224484972,23.4682770082379,12.1512502736887
"640",11.9716598547553,3.67212880048997,20.2923699541526,9.27598355268266
"641",13.2211070871284,6.73380437032391,22.185073476089,1.98366036511725
"642",12.439445782749,4.35877094533972,21.51452951774,8.43821668172082
"643",12.998258780051,5.16473863941941,21.9630819238854,6.4688660056272
"644",13.0547939572704,4.87475406432874,22.9295724517027,8.30531025871646
"645",13.3741085855443,6.6553087872216,20.6322974504401,0.66637108877531
"646",13.2499275830032,5.39753555698887,23.016597241972,6.82399057100537
"647",13.6403055480331,4.75193175958967,22.7213686600958,8.46557338132683
"648",13.1752548684275,5.93707211362366,22.5750276872764,4.76381134640537
"649",11.5395530383118,4.33357420978309,20.48221987043,7.48149724108075
"650",11.9022147816975,4.44829112880184,21.6135373079111,8.26866392150562
"651",12.6329381090008,5.4482120163474,21.0350351701073,4.69039912106514
"652",14.7788218582855,6.48065839776146,24.5550889626774,5.11311376939301
"653",13.3865407410833,5.59414902502713,21.8143514079777,5.03190433289629
"654",13.160033709885,4.1669186184371,22.0746841100769,9.57392825476559
"655",12.2359035359272,4.5346362336688,20.9297814278084,7.32587272680198
"656",11.437335888144,4.47555976042851,20.8344182140933,7.40773893280772
"657",12.4466382917352,5.04351005797201,22.5058252129964,7.37529503908033
"658",13.0588767079795,4.99403184159063,21.6290267790959,6.64693125432398
"659",13.0815436284994,4.93828840520782,21.5313693502819,6.71650413465842
"660",10.9716746420818,2.34082229530755,20.9870355548856,13.964568668963
"661",11.6491346601491,4.15082083871995,21.1352378146379,8.68277529847801
"662",13.8136526473305,5.87004444671333,22.3303415962422,4.72020825610221
"663",13.8297593610781,5.91645649768549,21.8896158549141,4.14024636185758
"664",11.4384832683859,4.04403861155321,20.505662575485,8.37354674082534
"665",13.0982503416564,4.91635575204444,21.3840109437323,6.63494368759897
"666",12.1298927801746,4.52481418525581,21.9474978666669,8.37305531089946
"667",12.2276302402715,4.50481075873218,22.1147585485842,8.60032627238768
"668",11.7461499011261,3.8328460295315,21.017650495264,9.51911240666954
"669",13.9409946662686,6.55135183019974,21.9007225960649,2.24666710546569
"670",14.2530611054391,6.60115995738556,20.5721650922328,0.768685220076147
"671",12.8165742432103,5.26007951989018,21.6244880975417,5.8442495378712
"672",13.128709405893,5.76546195481317,22.6362556888863,5.3398698244468
"673",13.7936025640384,6.024731657502,23.6870145681116,5.61281959560556
"674",12.6122090196341,4.34412503695457,21.822926589032,8.79055147816834
"675",13.6335077590895,6.32005248516574,22.5236158816127,3.5634584261155
"676",13.2979300125301,6.08747734962132,22.7145083608221,4.45207631195814
"677",11.7599578676244,4.37587205520255,20.8188545986278,7.69123843302013
"678",14.095475109129,5.09297611451711,23.4065041984106,8.12757585485926
"679",13.1323206053053,4.89962730064631,22.3964947036299,7.69761280169094
"680",11.8941100651935,3.00601615715691,22.0219230016252,13.0038745301545
"681",14.3467484101226,6.45970131372448,23.3021893006024,3.923085359429
"682",14.081065511769,7.00906221060341,22.3565130638776,1.32932643206741
"683",12.6259903862449,4.45385159102691,20.8883475464412,7.52679277336049
"684",15.1332029424543,7.45117458848046,22.301217838788,-0.0523059266533679
"685",14.7067480859416,5.19755692174034,23.5432477174012,7.95057695218019
"686",11.8078055638664,5.0663426406838,21.0977085814538,5.89868065940243
"687",12.1211555846736,4.49918028901052,22.1493084704617,8.65176760343017
"688",13.6460487225499,4.65590532800515,22.9565185941435,8.9888026101281
"689",13.8592190352707,5.45737617021369,23.1157429557651,6.74361444512405
"690",13.5543038301681,5.23719145712778,20.9869419397969,5.27536756841357
"691",12.3225424160825,5.70418084240892,20.4664588095144,3.35391628228768
"692",13.3530658035932,5.29630415100453,21.6981380663121,5.80922561329855
"693",13.2502676729961,5.31111225050281,23.0588347256466,7.12549797413821
"694",12.3429026964236,5.11637632136967,22.2318853042354,6.88275634012644
"695",14.2301881239587,5.8226840279223,22.5793060949316,5.1112540111647
"696",15.1289517610871,5.41187963740155,24.4119179619065,8.17627904970182
"697",13.0994009508194,5.49460982734931,22.5937127757474,6.10988329369949
"698",13.0741355151671,5.44306857774456,21.7088166576786,5.37961092444495
"699",13.406639830517,5.57891628957689,22.4927099982536,5.75596112952293
"700",14.5080173348173,5.93571431746321,23.4935188425101,5.68637589012044
"701",14.057314677629,6.71658497989317,23.754789839679,3.60503489999952
"702",11.2888820272998,4.22248415207182,20.8128621418893,8.14540968567389
"703",13.1041787960717,5.03123971019549,21.2857396544724,6.19202052388596
"704",12.1726015140092,3.81940248970863,21.7446368638089,10.286429394683
"705",13.3812684305264,6.05961405555723,20.4821071529794,2.30326498630773
"706",13.1911094705246,5.94045511649919,22.5861451583988,4.76477980890124
"707",12.653098202051,4.55991633284151,22.506063754164,8.82631475563943
"708",14.4070716546231,6.36014794348637,22.3579382837015,3.27749445324242
"709",13.3276452732183,5.13410131847646,21.9488003755406,6.54649642011125
"710",14.3545743384126,4.43362151550358,23.0643725363783,9.76350798986754
"711",11.6234156801849,4.20775959540548,22.7785299775422,10.1552511913258
"712",11.2475626532463,3.40832314200428,19.5104329409904,9.28546351497754
"713",14.7782566225246,5.88750659920403,24.4202068470937,6.75768704948157
"714",13.8198744027231,5.36308320984741,21.946651513353,5.85740188381077
"715",11.4142586851148,2.85580139546035,21.1065350897283,12.5391309033473
"716",13.3050255936203,6.1156845350182,22.4858431375391,4.13878953248452
"717",12.0548504990909,5.14230101772753,21.6375750221818,6.21067196899921
"718",12.988890501885,4.68067428768399,22.3808129164979,8.33879005344596
"719",13.3511020476576,4.92383343054993,22.4439363444204,7.67243605277056
"720",13.3049580886515,4.99230600881514,23.3176780092741,8.34075998282868
"721",13.2238461300411,5.29489240732349,21.6775549964856,5.79287777451508
"722",11.4099978286668,3.73802760542298,21.1198229560502,9.90574013978122
"723",13.7423724683537,5.23072490044927,23.4955036832212,7.8033289818734
"724",14.040609542475,5.92282227654928,22.5501866247049,4.78171979505705
"725",11.7451955947589,4.24667171090556,20.8953526759313,8.15533754321463
"726",13.9324434527361,6.01796641440518,22.7749911923771,4.72109194916154
"727",12.8572793884396,5.89937055921447,21.5491818481221,3.85107017047865
"728",14.1330669282718,5.41934832698429,22.0659719999522,5.80792701899929
"729",13.3527715748534,5.07680630563593,22.4262539729381,7.19583505603032
"730",13.0680200412867,5.36949636233342,22.8289619694536,6.72047288245333
"731",11.9618174673398,4.14756635561059,21.1196332201657,8.67693415333392
"732",12.084756355028,5.21831879711168,21.843134535891,6.18817814455597
"733",11.7969669783215,3.68472386814571,21.1958834419901,10.141711837553
"734",12.0870710597292,4.23210779730682,22.3685170112987,9.67219361937829
"735",13.7132978016876,5.04832376423453,22.9442137990992,7.7992425063956
"736",12.2980440209372,4.58813671795738,22.7747412049802,9.01033105110808
"737",13.250626048424,4.86112127415194,23.6895138857525,9.10615006329671
"738",12.1587853014196,4.14388130734329,20.7978880829584,8.36624416092856
"739",12.7647957512102,5.5090132151711,21.2795077184185,4.7524680729052
"740",13.7553064859531,4.87012659208673,22.5784830383201,7.96810326205988
"741",13.7465081283197,4.85677492739694,22.4109118052587,7.84058702306789
"742",13.3337043649448,5.07786571479781,21.6658530754792,6.43225593108582
"743",14.3579173904366,4.83687095644049,22.9414625061056,8.43084963678413
"744",13.2658734798838,5.28036496110275,22.8295260831578,6.98843119984952
"745",13.7076596105651,6.88753359865392,22.8542413867007,2.19164059073898
"746",12.7921594213784,5.40724583717011,22.2536210965688,6.03188358505849
"747",12.6364504841978,4.02144150266808,22.2655693137435,10.2012448057393
"748",13.7510469163795,6.49470000715746,23.0346343405504,3.55053431907799
"749",12.36099138066,3.3740966556987,20.0459223267664,9.92363235967028
"750",11.733070032187,3.50650398936652,21.7866050588734,11.2670930907739
"751",12.703819461657,3.94569930260885,21.9547583359613,10.1176604281348
"752",11.4540319435473,2.84048413092695,21.106031595071,12.5845792022902
"753",12.4066068618657,3.86969438342542,23.4090729842287,11.7999898339524
"754",12.4779468419957,4.94429055717863,21.6216457828068,6.78877411127097
"755",11.610404375009,3.08673060966194,21.0852116521479,11.8250198231621
"756",13.7006791388762,4.63433866497922,21.7517522392551,7.84873624431739
"757",13.0046143173492,5.66506408923769,20.9540335226872,3.95884125497416
"758",11.6570232168542,4.78438218875218,21.8802310201832,7.52708445392669
"759",12.4659595070399,4.55806546814457,22.7154430003691,9.04124659593537
"760",13.7184961470259,5.35240201217232,21.1991363898791,5.14193035336214
"761",13.3162402773855,5.63272453883561,23.2980343876667,6.39986077115985
"762",13.2278577625794,5.21843122408636,21.8114182937642,6.15612462150515
"763",14.0848917903604,5.14444648381133,21.4912243608249,6.05788490939086
"764",12.1121433890416,3.91986226902575,21.1178751670428,9.35828835996558
"765",11.7636956079831,4.16155472079179,22.774944600618,10.2902804382426
"766",12.6920473957579,3.73540867477982,21.5302800788392,10.3240540544998
"767",13.4543499990273,5.56711568356222,21.6844326828173,4.9830856321306
"768",12.8022425635763,4.54697441456167,21.167660821406,7.52673757772099
"769",14.736302717333,5.95236493891153,22.966926576953,5.10983176021841
"770",14.513685960262,5.74259196362033,22.7684255016569,5.5406496107959
"771",15.3410502179619,6.11763679600167,23.1435829605854,4.79067257258039
"772",14.6361694183597,5.75444192220051,23.6127270146701,6.34940124806857
"773",13.950937830106,4.81000695449678,22.1195560754017,7.68953521191137
"774",12.8085447226412,4.43881287975205,21.1368429500944,7.82040431083825
"775",13.8847776889687,5.28821252153318,22.8575376929781,6.99290012837854
"776",12.3889286073742,4.25153639442758,21.4912118216113,8.73660263832856
"777",12.0802870961002,4.71051440127832,22.8044333761398,8.67289017230483
"778",12.1537954192099,5.35561301197679,21.0850517937246,5.01821275779422
"779",13.3708396030435,5.08086559758627,21.6371414897417,6.3945446969829
"780",14.580770074005,5.37292357850846,23.1654294293849,7.04665869385952
"781",14.0147162883988,5.68421574621811,23.6667208965104,6.61407365785609
"782",13.0966846800997,5.47426460835254,22.0522715479938,5.62947772293616
"783",12.268557513119,4.12963620393982,22.4287711758875,10.0398625640681
"784",13.2132924598746,5.10507557650673,22.3575484138027,7.04232168428247
"785",11.6105503523389,3.42447271314846,21.7834669501111,11.5100488106657
"786",13.5496225808034,5.85950878350883,23.1277100088112,5.54918365828474
"787",10.2781334857298,4.39191224429056,20.1686812694358,6.99294453656406
"788",13.863102825101,4.81889086721389,23.3265660593717,8.86989345772999
"789",13.4473799628354,5.1438119664487,21.8813707061831,6.44993480683702
"790",13.6136122744364,6.74546883268443,21.5093269527871,1.27292045473385
"791",10.9849720972631,2.40159228871767,19.1520132529142,11.9472363867612
"792",13.9176360291809,5.12649053358753,22.2648413813174,6.88536978055481
"793",11.6491178302463,4.55270598145539,19.3567725742261,5.69865462985989
"794",11.5595952151238,3.4890786921874,20.8399221319679,10.3726860554057
"795",13.204650946532,5.73324459458146,22.644877005659,5.44514322191465
"796",12.4773118993189,4.13050020637642,22.7697998966806,10.3782992775514
"797",14.6545095035418,7.34950303976147,22.6061015466076,0.557592427323176
"798",13.9829833852364,5.98560945490242,23.680271352152,5.72344298744473
"799",13.4399152461338,5.70754137221233,22.1105611948651,4.98793707822814
"800",12.3246116837261,4.13126990434888,21.2551362834003,8.86132657035366
"801",13.565956179922,4.62885692502498,21.6356914972862,7.74912072221124
"802",14.2939348561825,5.28644860141633,22.9830941328505,7.1237483286015
"803",13.091388057649,5.19138301232679,22.5581190553878,6.98397001840746
"804",12.4330671199645,5.0624279849649,20.9622872917081,5.7750033368134
"805",12.3505006532999,3.78153647193784,21.1879912737611,9.84338185794757
"806",13.8500397527458,4.9966043551343,23.066593583466,8.07678051806307
"807",13.4240583141766,4.40618441130115,21.4247380647013,8.20618483079789
"808",11.8827283389623,3.58628105468226,20.9949396653729,10.2360965013261
"809",12.6887795922832,4.74431896501351,20.8427813563482,6.60982446130768
"810",13.7464351494981,5.62022361986281,22.4869633320977,5.6262924725093
"811",13.7436916927238,4.42800066722392,22.3370078801935,9.05300587852176
"812",11.7271469118245,4.14668195810178,22.1986839610839,9.75863808677856
"813",10.3624611280605,2.10558126913315,19.5549781824372,13.2382343750377
"814",13.3365406980901,5.07044117582614,22.7501851371939,7.53886160971548
"815",12.6192789333351,4.84952445455449,21.3164305094005,6.76785714573704
"816",12.3386393233049,5.60909179573244,20.7957368717202,3.96846148452288
"817",13.7910320111765,6.81875098129056,22.4893309065793,2.0330779627076
"818",11.7693948613895,4.06995400220028,21.2723715482237,9.0625095416229
"819",12.1806372000679,3.89157694100571,22.7853107851217,11.1105799621046
"820",12.3388556423376,5.65330762755127,22.7110591962392,5.75113631358542
"821",12.9360645109304,4.31947129407703,21.7620794847674,8.80366560253627
"822",10.4092037475315,2.69781819525767,21.0992276471958,13.0057730614228
"823",12.4722753497341,4.3293929676862,20.8101074564912,7.82192855343256
"824",13.0284044563335,5.5663901846278,21.863008453281,5.1638378993976
"825",13.2777855891932,5.32190250088501,23.0824073309815,7.11669982832642
"826",10.3265372785826,2.65306139083314,20.8474553092078,12.8882711367084
"827",11.7616691262276,4.41170116046306,21.6727461945922,8.437642713203
"828",14.2273086423663,5.68993397687636,22.5980720417797,5.5282701111506
"829",11.6862863432759,4.55095481970536,21.5379721654358,7.88510770631976
"830",11.4106301766431,3.89959420100835,21.2356339186127,9.53685131558768
"831",11.6360752928963,5.39976341502187,21.0348611233889,4.83557087832332
"832",13.6840240743905,7.05054479722133,21.1791578747125,0.0275234830484798
"833",13.5308685088583,6.10529590640156,21.449789361253,3.1339016420483
"834",12.9675516507591,4.48984231516576,22.6516772841624,9.18215033866509
"835",15.1655867863173,6.32742138530873,22.7116524109699,3.72938825504371
"836",12.3978274802828,4.994746080045,21.856061548339,6.87182330820397
"837",13.4940874093788,5.24229899014297,22.7603287383854,7.03343176795652
"838",13.5896431191639,5.63012728696335,22.3832275234628,5.49284566257276
"839",12.8200618517206,5.50235338827485,22.1450210629618,5.6379608981373
"840",12.8338807796863,4.42544666587277,22.4006611737367,9.12432117611841
"841",12.8951094353583,6.25479704399762,21.1031326289149,2.33874149692208
"842",15.0572834660988,6.18526568325551,23.4344767052916,4.87867965552513
"843",13.895747267466,6.3541326322658,23.2841921971266,4.22179430032918
"844",13.4909470216121,4.44534433239465,22.4904915311131,9.15445853392914
"845",13.596177043321,6.0305523538617,23.4286519301607,5.3369948685756
"846",14.8222407146316,5.50312772124959,24.2598783918943,7.75049522814549
"847",12.5533417217735,4.99669081637142,20.6534320645119,5.66335961539766
"848",14.2453789701998,5.97268918067762,23.5236282661373,5.60556072410444
"849",13.58948069656,5.14443807295897,22.349805674341,6.91649145546407
"850",12.6462950477346,5.19089387574073,21.047428572642,5.47474694541981
"851",10.9378930400331,4.08749783456291,21.2881829167168,9.02568941302813
"852",11.8196397735188,4.74387431078144,20.6500256536611,6.41840272131673
"853",11.6226354868267,3.58333586660964,20.7204649674927,9.97045736766379
"854",12.642664508538,4.62107464352417,22.001810518334,8.13858658776151
"855",12.4293239851306,3.68928945027021,21.4254115908126,10.357543240002
"856",15.4767711723663,4.90519054972463,24.5517762371224,9.83620458794852
"857",13.7125708846024,5.88300352848804,22.0406394929291,4.39162890746501
"858",14.3008218714228,5.66072550211652,23.4195816463281,6.43740513997854
"859",13.261730694637,5.206398618313,21.2902218754657,5.67102602052667
"860",11.9702314259588,5.09913416214236,22.5566158184245,7.25921333199737
"861",12.2196028894025,5.3579748506999,20.5795896601296,4.50566510802987
"862",14.3146021670125,6.13574682259512,22.5018833004849,4.09464283269957
"863",13.2803207428256,6.54700323276368,22.1459766028208,2.50496690452974
"864",12.2286410722465,5.53732226708107,21.0053502577585,4.39338345651526
"865",12.1305297280721,4.12379506219185,21.0096504273718,8.63826524079623
"866",12.6691699755417,5.73983663785276,21.5659502988074,4.34644038524909
"867",13.5842084168744,4.5841114346615,23.0555392318105,9.30320492782599
"868",14.2800264564289,5.69197820432798,23.51054910016,6.43461448717603
"869",12.6358405837914,4.47264611997386,22.5576363428582,9.13969798293665
"870",12.8279156237171,4.59221103987978,21.4296874759092,7.65305435626989
"871",12.3473219103752,4.24551586552052,21.185847083405,8.44929948684344
"872",14.0258346726208,6.02226316482871,20.2893514956145,2.22256200112842
"873",13.6882671631898,4.50213886926387,23.3802066242002,9.87379001640864
"874",12.0576848072692,4.26306171633025,21.3312962943931,8.54211114540236
"875",11.838748466503,4.68072016186288,20.9763487341798,6.93418824859118
"876",11.5087924399865,3.80505139978151,21.0123491351774,9.59719493583288
"877",15.2309164859155,6.31220730609444,21.8047494678563,2.86812754957293
"878",12.4234686990807,4.703147347534,20.3343892297426,6.22494718714059
"879",11.9607165475303,4.76754231744996,21.6221292248269,7.319502272477
"880",11.978443632914,5.17688470579989,20.3717742300005,4.84112011260079
"881",13.1267089572466,6.37067165505114,21.2115629413306,2.09954797617713
"882",12.5942752556095,4.55777651210382,23.1215908690983,9.44826133278688
"883",13.1512520253511,5.60730713570286,22.570555490533,5.74863408342442
"884",15.2458259888565,5.75583909272748,24.7045072023732,7.43698992419079
"885",14.2913765808027,6.13754366401692,23.4803349802196,5.06770398816886
"886",12.9875116620128,3.8473512450209,22.5906996574029,11.0486459223402
"887",12.3708246373953,4.37194400332051,20.1068272225373,6.99099521257576
"888",10.7506800346769,3.79695416893975,20.1889376458234,8.79807513900411
"889",13.3469530408079,3.83280842920497,22.4889516634578,10.9905263758429
"890",12.8177544768462,5.76565370422311,21.3256727406535,4.02871162798415
"891",14.0150640298063,6.07837915364888,23.7086035757844,5.47346611483776
"892",12.8126954494897,3.90464093460967,22.3336396070699,10.6197168032408
"893",12.9859927188713,4.52901673208851,22.3079275927292,8.7208773964637
"894",12.6944741589352,5.05756986269997,22.1722316988193,6.9995221107194
"895",11.1663120934338,3.95906851950074,20.2494165144637,8.37221095596153
"896",13.7815609976149,5.64660222537698,21.4830830242665,4.54327634813552
"897",11.0180949908849,3.27272742081514,21.301670188705,11.4834879262595
"898",12.4236251100996,5.48418430535913,20.8827530687951,4.43020015271772
"899",10.8847781684837,4.46419399386949,19.4594424247916,6.06686044318316
"900",12.2011796082692,5.16769235332539,21.3733434445782,5.87026638460198
"901",13.5184139015239,5.22585598262584,22.6158375132515,6.93826956537398
"902",12.1640690933228,3.89734487545636,21.2812984589824,9.58926383261336
"903",12.0376869479422,3.93186942961767,21.7230250701068,9.92741678125378
"904",12.8277099009985,5.12832765682525,22.2154846724576,6.83050170198182
"905",12.818722996956,4.44648929922688,23.7663640457148,10.4268961480341
"906",11.4878076473773,4.42386498732994,21.0219278071014,7.75033284511161
"907",11.7528914330398,3.91786156543795,21.0318475626863,9.27826286637241
"908",13.2560585944173,4.47918293056092,22.3168391287261,8.87929033704338
"909",11.1247580987579,2.78247436106634,20.8335864275537,12.4861633443547
"910",11.141136172004,4.00241171354548,19.8533283990925,7.84609325845604
"911",13.0369009484975,4.85806339155509,22.908776521087,8.33458634642172
"912",13.0268643264283,5.77742587606914,23.1619063930395,5.82962876483211
"913",13.5802731895993,6.00114258709026,21.1301540545406,3.12672629326984
"914",12.8117305979525,4.72444259801138,21.2202798768836,7.04695208284949
"915",12.7588078659459,4.43064491616288,22.175441122252,8.88350637376333
"916",11.1350335410646,4.53568128895201,21.4164788468737,7.80943498001762
"917",12.2543512751603,4.19256526326765,20.8509936845783,8.27329789477536
"918",11.9352364615346,4.89385940654746,21.9699584733766,7.28838025373427
"919",14.7646703248532,6.06151166136795,21.882011475509,3.69747649140514
"920",13.7592275353923,6.15641652921889,22.9950057178494,4.52575613019275
"921",12.7903524328948,4.25552847992184,22.9221319488912,10.1555465091257
"922",13.4303573323811,5.57850713475097,23.191514940458,6.45599353620504
"923",12.5357414232434,5.42927463726782,22.0433287520215,5.75550484021799
"924",14.1002326986942,4.87255476498711,22.5199872926469,7.90232299768558
"925",12.7268466425005,4.49451522568205,22.0350304319635,8.55148475491734
"926",12.555437796828,3.98559219170086,22.5051465764391,10.5483700013366
"927",11.5159883488085,4.4198558220748,21.7139567364737,8.45438927024931
"928",12.7047013297556,4.63083077962309,21.4970477633616,7.60455542449238
"929",14.3398937269772,6.1412844464455,23.4712179361969,5.04736459686042
"930",12.8955806495216,5.20767797718983,21.4758572336546,5.85282330208512
"931",14.4306866101716,6.40468498159198,24.2728107570126,5.05875581223664
"932",13.1098944864145,4.24729438664201,23.4413217994949,10.6994386395688
"933",13.2233067350365,4.8962953983098,21.9576056275975,7.26871943266809
"934",12.770734500701,4.36670538164196,20.5481361503622,7.44802000543636
"935",11.7184236402097,3.01681470797669,22.3530106086776,13.3025664847475
"936",15.2189039287206,6.55981447809215,23.2800720481403,3.60062861386383
"937",11.6660454333879,4.90249357736693,20.864599415347,6.15711868324621
"938",13.428781410775,5.18999627083112,20.7144785530394,5.144489740546
"939",13.2291150796252,3.4568646070302,21.7517263733741,11.3811325522835
"940",11.853431574487,3.93665788934946,21.4836810073389,9.67370733929049
"941",12.5810413060101,4.64869296653514,20.4351317518727,6.48905285226726
"942",12.8267132574621,3.28527531076253,23.6431750802418,13.7873491479542
"943",12.4949724301809,4.57475374734786,21.6104797892497,7.88621854720611
"944",12.6642378334118,4.88093859161531,21.5168699576446,6.87405418279862
"945",12.888276644803,4.78300910604774,22.2595421552405,7.91051483709727
"946",11.8011269114008,5.30649186286471,20.3784333041426,4.45895771554851
"947",12.6833209530713,4.51215552706891,21.931578730821,8.39511214961423
"948",13.4994035975398,6.22464254237379,22.5411715574602,3.86724393033882
"949",13.3009121725222,5.78037349533965,21.932111999555,4.59099151353602
"950",14.3592977980044,5.61185427325195,21.7361825171411,4.9006196973852
"951",12.8736652766839,3.94672361774198,22.3478566314419,10.5076857782159
"952",11.4179413132423,3.53361575810367,21.8044955134741,11.2036482391631
"953",13.3986627366622,5.28774902240398,23.2279764882439,7.36472942103196
"954",14.4316432171387,6.39119518225103,22.6629983682482,3.48941282149509
"955",12.3398968194989,3.22542519872341,21.9071688825309,12.2308932863607
"956",13.0180359951348,3.93578243745094,20.9279467007522,9.12059938839941
"957",12.9545509924084,4.14038316791756,22.5010542029418,10.0799046991892
"958",13.0038790446243,4.73381818615998,21.4701130113833,7.26865845290337
"959",13.4184814644276,4.02914207100738,22.2786514194933,10.1912252064711
"960",12.4931842081413,4.64270775269294,21.2198452833888,7.29172202530995
"961",12.9788429861617,3.83838924301121,22.4848105869851,10.9696428579514
"962",14.1271231992044,5.89030514266623,23.5163118682925,5.84539644029375
"963",12.811358606894,5.21517969164454,21.8534189572035,6.20787988226989
"964",14.0158255299628,6.15420341512479,22.6283839659869,4.1657737206125
"965",15.1273715114377,7.20049524244137,22.8920945767153,1.29060884939114
"966",14.1710909466943,5.66319074797494,22.9978222890747,6.00825004514989
"967",14.0894125747294,6.20982967385376,22.3130725073402,3.68358348577893
"968",13.3789120883461,5.56464259583078,21.8345509960071,5.14062320851479
"969",12.9118824057361,4.84165244701322,21.628460025753,7.10350268471338
"970",12.5099893436263,4.0918853226973,21.2688927489107,8.99323678081877
"971",12.3183944765084,5.5096298756354,21.7479320592922,5.219042432386
"972",13.728091821085,5.53777847302545,22.9502475835802,6.33691216450389
"973",12.5127949793798,4.55685376241908,22.0066345623305,8.33607327507325
"974",12.5317108660587,4.00947276486927,22.308609143135,10.2801908485272
"975",14.3593238600803,5.3522316225849,21.6121968647227,5.555501996968
"976",12.5991604736833,5.33005872067163,22.1535809324244,6.16340477040949
"977",12.6550119800494,5.68187117463413,22.3790968609803,5.33348333707787
"978",13.0831183530763,5.31484072229192,22.8648903302878,6.92036816341207
"979",14.2837760704469,5.52786427289195,23.3582170478006,6.77462422912474
"980",12.8214591569978,4.27645419507714,21.9266278671054,9.09726528187401
"981",12.1245383748166,3.96639438963529,21.2951269234668,9.39594375456089
"982",13.2519112532588,3.98438223762359,23.9918217372683,12.0386750243975
"983",11.4825939821741,4.61976389022115,21.1394348147598,7.28014314409634
"984",14.6898165972802,6.38122536027184,22.7190620721607,3.5753859913452
"985",12.8923733358062,4.63967996000991,22.1353660658738,8.21632618584407
"986",12.4923251813971,4.37135733322364,21.0502947149897,7.93622271531873
"987",13.0742838296811,5.88338098359602,21.9088183343664,4.25867538357831
"988",12.4662720761526,4.82565413109589,21.1444354144071,6.6674730211194
"989",13.401506677336,5.62016301145347,23.0271998096855,6.1667107753251
"990",15.2782248845125,6.36869024839168,21.2125083899552,2.10643764478014
"991",11.7397853126302,4.06550040767265,20.9945896680595,8.79808844504157
"992",12.709738474868,6.02256255068655,21.8857684664315,3.81808081437182
"993",12.2682469139479,3.08188140844541,20.9759035807321,11.7302593553958
"994",12.989837562468,4.78996837055601,21.1035490251709,6.73364391350281
"995",13.2815315587927,4.55913610673238,24.2405491812405,10.5631408610434
"996",12.3723618087181,5.21016367600777,21.4384361852406,5.80794515721724
"997",12.9997749647583,4.81954099326708,22.3049860297964,7.84636304999516
"998",13.0440404741367,5.64725326910242,20.7333648290673,3.79160502176007
"999",12.8990778527509,4.50141304050382,22.9534726147015,9.44923349319002
"1000",11.5948376920572,3.5724473537732,21.3910706730974,10.6737286117778
